{"cameraMode":{"drawMode":0,"name":"Shaded","section":"Shading Mode"},"sceneLighting":false,"audioPlay":false,"sceneViewState":{"showFog":true,"showMaterialUpdate":false,"showSkybox":true,"showFlares":true,"showImageEffects":true,"showParticleSystems":true},"in2DMode":false,"pivot":{"x":261.4134826660156,"y":183.16558837890626,"z":236.90638732910157},"rotation":{"x":-0.2555423080921173,"y":-0.47074300050735476,"z":0.14442136883735658,"w":-0.8320642113685608},"size":129.21356201171876,"orthographic":false}