{"cameraMode":{"drawMode":0,"name":"Shaded","section":"Shading Mode"},"sceneLighting":true,"audioPlay":false,"sceneViewState":{"showFog":true,"showMaterialUpdate":false,"showSkybox":true,"showFlares":true,"showImageEffects":true,"showParticleSystems":true},"in2DMode":false,"pivot":{"x":839.101806640625,"y":148.775146484375,"z":509.0609130859375},"rotation":{"x":-0.1364278346300125,"y":0.8550759553909302,"z":-0.2897649109363556,"w":-0.40855783224105837},"size":216.80140686035157,"orthographic":false}