{"cameraMode":{"drawMode":0,"name":"Shaded","section":"Shading Mode"},"sceneLighting":false,"audioPlay":false,"sceneViewState":{"showFog":true,"showMaterialUpdate":false,"showSkybox":true,"showFlares":true,"showImageEffects":true,"showParticleSystems":true},"in2DMode":false,"pivot":{"x":863.5791015625,"y":29.677370071411134,"z":861.050537109375},"rotation":{"x":0.2865680158138275,"y":0.4321593642234802,"z":-0.1470726877450943,"w":0.8424793481826782},"size":1108.6365966796875,"orthographic":false}