{"cameraMode":{"drawMode":0,"name":"Shaded","section":"Shading Mode"},"sceneLighting":true,"audioPlay":false,"sceneViewState":{"showFog":true,"showMaterialUpdate":false,"showSkybox":true,"showFlares":true,"showImageEffects":true,"showParticleSystems":true},"in2DMode":false,"pivot":{"x":1108.4349365234375,"y":320.53070068359377,"z":394.5260925292969},"rotation":{"x":0.05460519716143608,"y":0.9459428191184998,"z":-0.2243748903274536,"w":0.22994983196258546},"size":258.1533508300781,"orthographic":false}