{"cameraMode":{"drawMode":0,"name":"Shaded","section":"Shading Mode"},"sceneLighting":false,"audioPlay":false,"sceneViewState":{"showFog":true,"showMaterialUpdate":false,"showSkybox":true,"showFlares":true,"showImageEffects":true,"showParticleSystems":true},"in2DMode":false,"pivot":{"x":592.7731323242188,"y":222.2095184326172,"z":279.34588623046877},"rotation":{"x":0.28286856412887576,"y":-0.06350373476743698,"z":0.019040154293179513,"w":0.9570348858833313},"size":41.95170974731445,"orthographic":false}