{"cameraMode":{"drawMode":0,"name":"Shaded","section":"Shading Mode"},"sceneLighting":false,"audioPlay":false,"sceneViewState":{"showFog":true,"showMaterialUpdate":false,"showSkybox":true,"showFlares":true,"showImageEffects":true,"showParticleSystems":true},"in2DMode":false,"pivot":{"x":189.49606323242188,"y":144.57540893554688,"z":462.2102966308594},"rotation":{"x":0.22655726969242097,"y":-0.6359497904777527,"z":0.20432312786579133,"w":0.7093886733055115},"size":50.08561706542969,"orthographic":false}