{"cameraMode":{"drawMode":0,"name":"Shaded","section":"Shading Mode"},"sceneLighting":false,"audioPlay":false,"sceneViewState":{"showFog":true,"showMaterialUpdate":false,"showSkybox":true,"showFlares":true,"showImageEffects":true,"showParticleSystems":true},"in2DMode":false,"pivot":{"x":976.8033447265625,"y":-22.10888671875,"z":773.22509765625},"rotation":{"x":0.16028426587581635,"y":0.5107937455177307,"z":-0.09695405513048172,"w":0.8392776846885681},"size":1196.0941162109375,"orthographic":false}