{"cameraMode":{"drawMode":0,"name":"Shaded","section":"Shading Mode"},"sceneLighting":false,"audioPlay":false,"sceneViewState":{"showFog":true,"showMaterialUpdate":false,"showSkybox":true,"showFlares":true,"showImageEffects":true,"showParticleSystems":true},"in2DMode":false,"pivot":{"x":146.7109832763672,"y":118.48062133789063,"z":476.45050048828127},"rotation":{"x":-0.1523117870092392,"y":-0.038235779851675037,"z":0.004498919006437063,"w":-0.9879800081253052},"size":26.159852981567384,"orthographic":false}