{"cameraMode":{"drawMode":0,"name":"Shaded","section":"Shading Mode"},"sceneLighting":false,"audioPlay":false,"sceneViewState":{"showFog":true,"showMaterialUpdate":false,"showSkybox":true,"showFlares":true,"showImageEffects":true,"showParticleSystems":true},"in2DMode":false,"pivot":{"x":235.1945037841797,"y":32.122154235839847,"z":445.724609375},"rotation":{"x":-0.1262645721435547,"y":0.8340011835098267,"z":-0.21367275714874268,"w":-0.4928085505962372},"size":1778.9371337890625,"orthographic":false}