{"cameraMode":{"drawMode":0,"name":"Shaded","section":"Shading Mode"},"sceneLighting":false,"audioPlay":false,"sceneViewState":{"showFog":true,"showMaterialUpdate":false,"showSkybox":true,"showFlares":true,"showImageEffects":true,"showParticleSystems":true},"in2DMode":false,"pivot":{"x":619.8534545898438,"y":109.73112487792969,"z":350.2343444824219},"rotation":{"x":-0.0064249890856444839,"y":-0.968094527721405,"z":0.25123387575149538,"w":-0.025591859593987466},"size":1340.4248046875,"orthographic":false}