{"cameraMode":{"drawMode":0,"name":"Shaded","section":"Shading Mode"},"sceneLighting":false,"audioPlay":false,"sceneViewState":{"showFog":true,"showMaterialUpdate":false,"showSkybox":true,"showFlares":true,"showImageEffects":true,"showParticleSystems":true},"in2DMode":false,"pivot":{"x":186.0372314453125,"y":-104.13742065429688,"z":444.8724060058594},"rotation":{"x":0.4503515958786011,"y":-0.5440979599952698,"z":0.4452865421772003,"w":0.5503899455070496},"size":551.3652954101563,"orthographic":false}