{"cameraMode":{"drawMode":0,"name":"Shaded","section":"Shading Mode"},"sceneLighting":false,"audioPlay":false,"sceneViewState":{"showFog":true,"showMaterialUpdate":false,"showSkybox":true,"showFlares":true,"showImageEffects":true,"showParticleSystems":true},"in2DMode":false,"pivot":{"x":108.3112564086914,"y":97.26605987548828,"z":475.8603820800781},"rotation":{"x":-0.08318034559488297,"y":0.32045769691467287,"z":-0.029739556834101678,"w":-0.9435379505157471},"size":20.651470184326173,"orthographic":false}