{"cameraMode":{"drawMode":0,"name":"Shaded","section":"Shading Mode"},"sceneLighting":false,"audioPlay":false,"sceneViewState":{"showFog":true,"showMaterialUpdate":false,"showSkybox":true,"showFlares":true,"showImageEffects":true,"showParticleSystems":true},"in2DMode":false,"pivot":{"x":84.7738265991211,"y":78.15530395507813,"z":456.11700439453127},"rotation":{"x":-0.11668922752141953,"y":-0.004094175528734922,"z":-0.0008151223883032799,"w":-0.9935377240180969},"size":13.206578254699707,"orthographic":false}