{"cameraMode":{"drawMode":0,"name":"Shaded","section":"Shading Mode"},"sceneLighting":false,"audioPlay":false,"sceneViewState":{"showFog":true,"showMaterialUpdate":false,"showSkybox":true,"showFlares":true,"showImageEffects":true,"showParticleSystems":true},"in2DMode":false,"pivot":{"x":165.86631774902345,"y":95.45372009277344,"z":121.25386810302735},"rotation":{"x":0.40125444531440737,"y":0.426759272813797,"z":-0.2193063348531723,"w":0.7803046703338623},"size":236.74635314941407,"orthographic":false}