{"cameraMode":{"drawMode":0,"name":"Shaded","section":"Shading Mode"},"sceneLighting":false,"audioPlay":false,"sceneViewState":{"showFog":true,"showMaterialUpdate":false,"showSkybox":true,"showFlares":true,"showImageEffects":true,"showParticleSystems":true},"in2DMode":false,"pivot":{"x":469.6983337402344,"y":255.71800231933595,"z":205.42576599121095},"rotation":{"x":0.22452478110790254,"y":-0.0893329307436943,"z":0.020793650299310685,"w":0.9703141450881958},"size":499.7878112792969,"orthographic":false}