{"cameraMode":{"drawMode":0,"name":"Shaded","section":"Shading Mode"},"sceneLighting":false,"audioPlay":false,"sceneViewState":{"showFog":true,"showMaterialUpdate":false,"showSkybox":true,"showFlares":true,"showImageEffects":true,"showParticleSystems":true},"in2DMode":false,"pivot":{"x":285.73748779296877,"y":265.502685546875,"z":245.53285217285157},"rotation":{"x":0.1468283236026764,"y":0.452618807554245,"z":-0.07564885914325714,"w":0.8764638304710388},"size":515.45166015625,"orthographic":false}