{"cameraMode":{"drawMode":0,"name":"Shaded","section":"Shading Mode"},"sceneLighting":false,"audioPlay":false,"sceneViewState":{"showFog":true,"showMaterialUpdate":false,"showSkybox":true,"showFlares":true,"showImageEffects":true,"showParticleSystems":true},"in2DMode":false,"pivot":{"x":0.34280329942703249,"y":3.837660074234009,"z":0.93426114320755},"rotation":{"x":0.22534257173538209,"y":-0.07125536352396012,"z":0.01760883256793022,"w":0.9719083309173584},"size":11.150300979614258,"orthographic":false}