{"cameraMode":{"drawMode":0,"name":"Shaded","section":"Shading Mode"},"sceneLighting":false,"audioPlay":false,"sceneViewState":{"showFog":true,"showMaterialUpdate":false,"showSkybox":true,"showFlares":true,"showImageEffects":true,"showParticleSystems":true},"in2DMode":false,"pivot":{"x":722.5169067382813,"y":165.96131896972657,"z":152.5952606201172},"rotation":{"x":-0.02906477265059948,"y":0.9701631665229797,"z":-0.1470724493265152,"w":-0.19318273663520814},"size":235.74990844726563,"orthographic":false}