{"cameraMode":{"drawMode":0,"name":"Shaded","section":"Shading Mode"},"sceneLighting":false,"audioPlay":false,"sceneViewState":{"showFog":true,"showMaterialUpdate":false,"showSkybox":true,"showFlares":true,"showImageEffects":true,"showParticleSystems":true},"in2DMode":false,"pivot":{"x":275.821533203125,"y":165.35113525390626,"z":331.713623046875},"rotation":{"x":0.1183830127120018,"y":-0.7932894229888916,"z":0.16369256377220155,"w":0.5744437575340271},"size":900.606689453125,"orthographic":false}