{"cameraMode":{"drawMode":0,"name":"Shaded","section":"Shading Mode"},"sceneLighting":true,"audioPlay":false,"sceneViewState":{"showFog":true,"showMaterialUpdate":false,"showSkybox":true,"showFlares":true,"showImageEffects":true,"showParticleSystems":true},"in2DMode":false,"pivot":{"x":423.069580078125,"y":294.4327697753906,"z":503.01519775390627},"rotation":{"x":0.34941786527633669,"y":0.3219467103481293,"z":-0.12887750566005708,"w":0.87104731798172},"size":422.5682373046875,"orthographic":false}