{"cameraMode":{"drawMode":0,"name":"Shaded","section":"Shading Mode"},"sceneLighting":false,"audioPlay":false,"sceneViewState":{"showFog":true,"showMaterialUpdate":false,"showSkybox":true,"showFlares":true,"showImageEffects":true,"showParticleSystems":true},"in2DMode":false,"pivot":{"x":681.4707641601563,"y":103.23089599609375,"z":430.4726257324219},"rotation":{"x":-0.05166000500321388,"y":0.9479097723960877,"z":-0.20592162013053895,"w":-0.23801055550575257},"size":170.18995666503907,"orthographic":false}