{"cameraMode":{"drawMode":0,"name":"Shaded","section":"Shading Mode"},"sceneLighting":false,"audioPlay":false,"sceneViewState":{"showFog":true,"showMaterialUpdate":false,"showSkybox":true,"showFlares":true,"showImageEffects":true,"showParticleSystems":true},"in2DMode":false,"pivot":{"x":780.1452026367188,"y":250.99215698242188,"z":266.07489013671877},"rotation":{"x":-0.015478494577109814,"y":-0.5432910323143005,"z":-0.008476527407765389,"w":0.8396430015563965},"size":1432.56396484375,"orthographic":false}